#create schema ecommerce;
#USE ecommerce;

CREATE TABLE SUPPLIER (SUPP_ID INT PRIMARY KEY,SUPP_NAME VARCHAR(50) NOT NULL,SUPP_CITY VARCHAR(50) NOT NULL,SUPP_PHONE VARCHAR(50) NOT NULL);
CREATE TABLE CUSTOMER (CUS_ID INT PRIMARY KEY,CUS_NAME VARCHAR(20) NOT NULL,CUS_PHONE VARCHAR(10) NOT NULL,CUS_CITY VARCHAR(30) NOT NULL,CUS_GENDER CHAR NOT NULL);
CREATE TABLE CATEGORY (CAT_ID INT PRIMARY KEY,CAT_NAME VARCHAR(20) NOT NULL);
CREATE TABLE PRODUCT (PRO_ID INT PRIMARY KEY,PRO_NAME VARCHAR(20) NOT NULL DEFAULT "DUMMY",PRO_DESC VARCHAR(60) NOT NULL, CAT_ID INT NOT NULL,FOREIGN KEY(CAT_ID) REFERENCES  CATEGORY(CAT_ID));
CREATE TABLE SUPPLIER_PRICING (PRICING_ID INT PRIMARY KEY,PRO_ID INT,SUPP_ID INT,SUPP_PRICE INT DEFAULT 0,FOREIGN KEY(PRO_ID) REFERENCES PRODUCT(PRO_ID),FOREIGN KEY(SUPP_ID) REFERENCES SUPPLIER(SUPP_ID));
CREATE TABLE `ORDER` (ORD_ID INT PRIMARY KEY,ORD_AMOUNT INT NOT NULL,ORD_DATE DATE NOT NULL,CUS_ID INT,PRICING_ID INT,FOREIGN KEY(CUS_ID) REFERENCES CUSTOMER(CUS_ID),FOREIGN KEY(PRICING_ID) REFERENCES SUPPLIER_PRICING(PRICING_ID));
CREATE TABLE RATING (RAT_ID INT PRIMARY KEY,ORD_ID INT,RAT_RATSTARS INT NOT NULL,FOREIGN KEY(ORD_ID) REFERENCES  `ORDER`(ORD_ID));

INSERT INTO SUPPLIER(SUPP_ID,SUPP_NAME,SUPP_CITY,SUPP_PHONE) VALUES (1,'Rajesh Retails','Delhi',1234567890);
INSERT INTO SUPPLIER(SUPP_ID,SUPP_NAME,SUPP_CITY,SUPP_PHONE) VALUES (2,'Appario Ltd.','Mumbai',2589631470);
INSERT INTO SUPPLIER(SUPP_ID,SUPP_NAME,SUPP_CITY,SUPP_PHONE) VALUES (3,'Knome products','Banglore',9785462315);
INSERT INTO SUPPLIER(SUPP_ID,SUPP_NAME,SUPP_CITY,SUPP_PHONE) VALUES (4,'Bansal Retails','Kochi',8975463285);
INSERT INTO SUPPLIER(SUPP_ID,SUPP_NAME,SUPP_CITY,SUPP_PHONE) VALUES (5,'Mittal Ltd.','Lucknow',7898456532);

INSERT INTO CUSTOMER(CUS_ID,CUS_NAME,CUS_PHONE,CUS_CITY,CUS_GENDER) VALUES (1,'AAKASH',9999999999,'DELHI','M');
INSERT INTO CUSTOMER(CUS_ID,CUS_NAME,CUS_PHONE,CUS_CITY,CUS_GENDER) VALUES (2,'AMAN',9785463215,'NOIDA','M');
INSERT INTO CUSTOMER(CUS_ID,CUS_NAME,CUS_PHONE,CUS_CITY,CUS_GENDER) VALUES (3,'NEHA',9999999999,'MUMBAI','F');
INSERT INTO CUSTOMER(CUS_ID,CUS_NAME,CUS_PHONE,CUS_CITY,CUS_GENDER) VALUES (4,'MEGHA',9994562399,'KOLKATA','F');
INSERT INTO CUSTOMER(CUS_ID,CUS_NAME,CUS_PHONE,CUS_CITY,CUS_GENDER) VALUES (5,'PULKIT',7895999999,'LUCKNOW','M');

INSERT INTO CATEGORY(CAT_ID,CAT_NAME) VALUES(1,'BOOKS');
INSERT INTO CATEGORY(CAT_ID,CAT_NAME) VALUES(2,'GAMES');
INSERT INTO CATEGORY(CAT_ID,CAT_NAME) VALUES(3,'GROCERIES');
INSERT INTO CATEGORY(CAT_ID,CAT_NAME) VALUES(4,'ELECTRONICS');
INSERT INTO CATEGORY(CAT_ID,CAT_NAME) VALUES(5,'CLOTHES');

INSERT INTO PRODUCT(PRO_ID,PRO_NAME,PRO_DESC,CAT_ID) VALUES(1,'GTA V','Windows 7 and above with i5 processor and 8GB RAM',2);
INSERT INTO PRODUCT(PRO_ID,PRO_NAME,PRO_DESC,CAT_ID) VALUES(2,'TSHIRT','SIZE-L with Black, Blue and White variations',5);
INSERT INTO PRODUCT(PRO_ID,PRO_NAME,PRO_DESC,CAT_ID) VALUES(3,'ROG LAPTOP','Windows 10 with 15inch screen, i7 processor, 1TB SSD',4);
INSERT INTO PRODUCT(PRO_ID,PRO_NAME,PRO_DESC,CAT_ID) VALUES(4,'OATS','Highly Nutritious from Nestle',3);
INSERT INTO PRODUCT(PRO_ID,PRO_NAME,PRO_DESC,CAT_ID) VALUES(5,'HARRY POTTER','Best Collection of all time by J.K Rowling',1);
INSERT INTO PRODUCT(PRO_ID,PRO_NAME,PRO_DESC,CAT_ID) VALUES(6,'MILK','1L Toned MIlk',3);
INSERT INTO PRODUCT(PRO_ID,PRO_NAME,PRO_DESC,CAT_ID) VALUES(7,'Boat Earphones','1.5Meter long Dolby Atmos',4);
INSERT INTO PRODUCT(PRO_ID,PRO_NAME,PRO_DESC,CAT_ID) VALUES(8,'Jeans','Stretchable Denim Jeans with various sizes and color',5);
INSERT INTO PRODUCT(PRO_ID,PRO_NAME,PRO_DESC,CAT_ID) VALUES(9,'Project IGI','compatible with windows 7 and above',2);
INSERT INTO PRODUCT(PRO_ID,PRO_NAME,PRO_DESC,CAT_ID) VALUES(10,'Hoodie','Black GUCCI for 13 yrs and above',5);
INSERT INTO PRODUCT(PRO_ID,PRO_NAME,PRO_DESC,CAT_ID) VALUES(11,'Rich Dad Poor Dad','Written by RObert Kiyosaki',1);
INSERT INTO PRODUCT(PRO_ID,PRO_NAME,PRO_DESC,CAT_ID) VALUES(12,'Train Your Brain','By Shireen Stephen',1);

COMMIT;

INSERT INTO SUPPLIER_PRICING(PRICING_ID,PRO_ID,SUPP_ID,SUPP_PRICE) VALUES(1,1,2,1500);
INSERT INTO SUPPLIER_PRICING(PRICING_ID,PRO_ID,SUPP_ID,SUPP_PRICE) VALUES(2,3,5,30000);
INSERT INTO SUPPLIER_PRICING(PRICING_ID,PRO_ID,SUPP_ID,SUPP_PRICE) VALUES(3,5,1,3000);
INSERT INTO SUPPLIER_PRICING(PRICING_ID,PRO_ID,SUPP_ID,SUPP_PRICE) VALUES(4,2,3,2500);
INSERT INTO SUPPLIER_PRICING(PRICING_ID,PRO_ID,SUPP_ID,SUPP_PRICE) VALUES(5,4,1,1000);

COMMIT;

SET SQL_MODE = '';

SET FOREIGN_KEY_CHECKS=0;
INSERT INTO `ORDER`(ORD_ID,ORD_AMOUNT,ORD_DATE,CUS_ID,PRICING_ID) VALUES (101,1500,'2021-10-06',2,1);
INSERT INTO `ORDER`(ORD_ID,ORD_AMOUNT,ORD_DATE,CUS_ID,PRICING_ID) VALUES (102,1000,'2021-10-12',3,5);
INSERT INTO `ORDER`(ORD_ID,ORD_AMOUNT,ORD_DATE,CUS_ID,PRICING_ID) VALUES (103,30000,'2021-09-16',5,2);
INSERT INTO `ORDER`(ORD_ID,ORD_AMOUNT,ORD_DATE,CUS_ID,PRICING_ID) VALUES (104,1500,'2021-10-05',1,1);
INSERT INTO `ORDER`(ORD_ID,ORD_AMOUNT,ORD_DATE,CUS_ID,PRICING_ID) VALUES (105,3000,'2021-08-16',4,3);
INSERT INTO `ORDER`(ORD_ID,ORD_AMOUNT,ORD_DATE,CUS_ID,PRICING_ID) VALUES (106,1450,'2021-08-18',1,9);
INSERT INTO `ORDER`(ORD_ID,ORD_AMOUNT,ORD_DATE,CUS_ID,PRICING_ID) VALUES (107,789,'2021-09-01',3,7);
INSERT INTO `ORDER`(ORD_ID,ORD_AMOUNT,ORD_DATE,CUS_ID,PRICING_ID) VALUES (108,780,'2021-09-07',5,6);
INSERT INTO `ORDER`(ORD_ID,ORD_AMOUNT,ORD_DATE,CUS_ID,PRICING_ID) VALUES (109,3000,'2021-00-10',5,3);
INSERT INTO `ORDER`(ORD_ID,ORD_AMOUNT,ORD_DATE,CUS_ID,PRICING_ID) VALUES (110,2500,'2021-09-10',2,4);
INSERT INTO `ORDER`(ORD_ID,ORD_AMOUNT,ORD_DATE,CUS_ID,PRICING_ID) VALUES (111,1000,'2021-09-15',4,5);
INSERT INTO `ORDER`(ORD_ID,ORD_AMOUNT,ORD_DATE,CUS_ID,PRICING_ID) VALUES (112,789,'2021-09-16',4,7);
INSERT INTO `ORDER`(ORD_ID,ORD_AMOUNT,ORD_DATE,CUS_ID,PRICING_ID) VALUES (113,31000,'2021-09-16',1,8);
INSERT INTO `ORDER`(ORD_ID,ORD_AMOUNT,ORD_DATE,CUS_ID,PRICING_ID) VALUES (114,1000,'2021-09-16',3,5);
INSERT INTO `ORDER`(ORD_ID,ORD_AMOUNT,ORD_DATE,CUS_ID,PRICING_ID) VALUES (115,3000,'2021-09-16',5,3);
INSERT INTO `ORDER`(ORD_ID,ORD_AMOUNT,ORD_DATE,CUS_ID,PRICING_ID) VALUES (116,99,'2021-09-17',2,14);

COMMIT;

INSERT INTO RATING(RAT_ID,ORD_ID,RAT_RATSTARS) VALUES(1,101,4);
INSERT INTO RATING(RAT_ID,ORD_ID,RAT_RATSTARS) VALUES(2,102,3);
INSERT INTO RATING(RAT_ID,ORD_ID,RAT_RATSTARS) VALUES(3,103,1);
INSERT INTO RATING(RAT_ID,ORD_ID,RAT_RATSTARS) VALUES(4	,104,2);
INSERT INTO RATING(RAT_ID,ORD_ID,RAT_RATSTARS) VALUES(5,105,4);
INSERT INTO RATING(RAT_ID,ORD_ID,RAT_RATSTARS) VALUES(6,106,3);
INSERT INTO RATING(RAT_ID,ORD_ID,RAT_RATSTARS) VALUES(7,107,4);
INSERT INTO RATING(RAT_ID,ORD_ID,RAT_RATSTARS) VALUES(8,108,4);
INSERT INTO RATING(RAT_ID,ORD_ID,RAT_RATSTARS) VALUES(9,109,3);
INSERT INTO RATING(RAT_ID,ORD_ID,RAT_RATSTARS) VALUES(10,110,5);
INSERT INTO RATING(RAT_ID,ORD_ID,RAT_RATSTARS) VALUES(11,111,3);
INSERT INTO RATING(RAT_ID,ORD_ID,RAT_RATSTARS) VALUES(12,112,4);
INSERT INTO RATING(RAT_ID,ORD_ID,RAT_RATSTARS) VALUES(13,113,2);
INSERT INTO RATING(RAT_ID,ORD_ID,RAT_RATSTARS) VALUES(14,114,1);
INSERT INTO RATING(RAT_ID,ORD_ID,RAT_RATSTARS) VALUES(15,115,1);
INSERT INTO RATING(RAT_ID,ORD_ID,RAT_RATSTARS) VALUES(16,116,0);

COMMIT;

/*Display the total number of customers based on gender who have placed orders of worth at least Rs.3000.*/
SELECT TEMP.CUS_GENDER,COUNT(TEMP.CUS_GENDER) AS TOTAL_CUSTOMERS FROM (
SELECT DISTINCT CUS_NAME,CUS_GENDER,O.ORD_AMOUNT 
FROM CUSTOMER C
INNER JOIN `ORDER` O ON O.CUS_ID = C.CUS_ID
WHERE O.ORD_AMOUNT >= 3000) TEMP
GROUP BY TEMP.CUS_GENDER;

/*Display all the orders along with product name ordered by a customer having Customer_Id=2*/
SELECT O.*,P.PRO_NAME
FROM `ORDER` O,PRODUCT P,SUPPLIER_PRICING SP
WHERE P.PRO_ID = SP.PRO_ID AND
O.PRICING_ID = SP.PRICING_ID AND
O.CUS_ID = 2;

/*Display the Supplier details who can supply more than one product.*/
SELECT TEMP.* FROM  (
SELECT S.*,COUNT(S.SUPP_ID) AS TOTAL
FROM SUPPLIER S,SUPPLIER_PRICING SP
where S.SUPP_ID = SP.SUPP_ID
GROUP BY SUPP_ID) TEMP
WHERE TEMP.TOTAL > 1;

/*Find the least expensive product from each category and print the table with category id, name, product name and price of the product*/ 
 SELECT C.CAT_ID,C.CAT_NAME,P.PRO_NAME,MIN(SUPP_PRICE) MINPRICE
 FROM SUPPLIER_PRICING S
 INNER JOIN PRODUCT P ON P.PRO_ID = S.PRO_ID
 INNER JOIN CATEGORY C ON C.CAT_ID = P.CAT_ID
 GROUP BY P.CAT_ID;

/*Display the Id and Name of the Product ordered after “2021-10-05”.*/
SELECT P.PRO_ID,P.PRO_NAME
FROM `ORDER` O,PRODUCT P,SUPPLIER_PRICING SP
WHERE SP.PRICING_ID = O.PRICING_ID AND
SP.PRO_ID = P.PRO_ID AND
O.ORD_DATE > '2021-10-05';

/*Display customer name and gender whose names start or end with character 'A'*/
SELECT CUS_NAME,CUS_GENDER FROM CUSTOMER WHERE LEFT(CUS_NAME,1) IN ('A') OR RIGHT(CUS_NAME,1) IN ('A');

/*Create a stored procedure to display supplier id, name, rating and Type_of_Service. For Type_of_Service, If rating =5, print “Excellent Service”,
If rating >4 print “Good Service”, If rating >2 print “Average Service” else print “Poor Service”.
*/
USE `ecommerce`;
DROP procedure IF EXISTS `ServiceType`;

USE `ecommerce`;
DROP procedure IF EXISTS `ecommerce`.`ServiceType`;
;

DELIMITER $$
USE `ecommerce`$$
CREATE DEFINER=`root`@`localhost` PROCEDURE `ServiceType`()
BEGIN
select sp.SUPP_ID, s.Supp_Name, r.RAT_RATSTARS,
CASE
 WHEN r.RAT_RATSTARS = 5 THEN 'Excellent Service'
 WHEN r.RAT_RATSTARS = 4 THEN 'Good Service'
 WHEN r.RAT_RATSTARS > 2 THEN 'Average Service'
 ELSE 'Poor Service'
END As 'Type_of_Service' 
from `order` o
INNER JOIN rating r ON r.ORD_ID = o.ORD_ID
INNER JOIN supplier_pricing sp ON sp.Pricing_ID = o.Pricing_ID
INNER JOIN Supplier s ON s.Supp_ID = sp.SUPP_ID;
END$$

DELIMITER ;
;



